Country,Dea_1985,Dea_1990,Dea_1995,Dea_2000,Dea_2005,Dea_2010,Dea_2015,Dea_2020,Dea_2025,Dea_2030,Dea_2035,Dea_2040,Dea_2045,Dea_2050
Aruba,6.785,7.059,6.943,6.971,7.32,7.918,8.627,8.463428571,8.735607143,9.007785714,9.279964286,9.552142857,9.824321429,10.0965
Africa Eastern and Southern,15.56692322,15.35552985,15.08650088,14.24857468,12.50333315,10.01962854,8.133775741,7.908550465,6.638750008,5.368949551,4.099149094,2.829348637,1.55954818,0.289747723
Afghanistan,18.005,15.241,13.282,11.718,10.003,8.25,6.929,4.705571429,2.902392857,1.099214286,-0.703964286,-2.507142857,-4.310321429,-6.1135
Africa Western and Central,17.68778626,17.01331053,16.6714038,16.13172958,14.50045341,12.4853029,10.9126616,10.55004407,9.423174793,8.296305521,7.169436249,6.042566977,4.915697704,3.788828432
Angola,19.789,19.555,19.292,18.036,15.24,11.68,9.052,8.661571429,6.803964286,4.946357143,3.08875,1.231142857,-0.626464286,-2.484071429
Albania,5.907,5.985,6.25,5.914,6.206,6.841,7.367,7.216857143,7.432857143,7.648857143,7.864857143,8.080857143,8.296857143,8.512857143
Andorra,,,,,3.6,2.8,,,,,,2,1.2,
Arab World,9.40189077,7.97506623,7.092828437,6.440958958,6.009849581,5.681657222,5.491656463,4.384772552,3.763326131,3.14187971,2.520433289,1.898986867,1.277540446,0.656094025
United Arab Emirates,2.988,2.562,2.175,1.869,1.605,1.403,1.377,0.894,0.61825,0.3425,0.06675,-0.209,-0.48475,-0.7605
Argentina,8.331,8.163,7.946,7.845,7.775,7.708,7.638,7.463714286,7.350857143,7.238,7.125142857,7.012285714,6.899428571,6.786571429
Armenia,7.166,8.473,8.769,8.575,9.168,9.739,9.823,10.37357143,10.76292857,11.15228571,11.54164286,11.931,12.32035714,12.70971429
American Samoa,,,,,,,,,,,,,,
Antigua and Barbuda,6.729,6.98,6.827,6.216,5.955,6.055,6.227,5.823,5.672,5.521,5.37,5.219,5.068,4.917
Australia,6.6,7,6.9,6.7,6.4,6.5,6.6,6.457142857,6.403571429,6.35,6.296428571,6.242857143,6.189285714,6.135714286
Austria,11.8,10.8,10.2,9.6,9.1,9.2,9.6,8.485714286,8.096428571,7.707142857,7.317857143,6.928571429,6.539285714,6.15
Azerbaijan,6.8,6.1,6.7,5.8,6.2,5.9,5.7,5.571428571,5.421428571,5.271428571,5.121428571,4.971428571,4.821428571,4.671428571
Burundi,17.741,17.326,17.229,15.005,12.239,10.113,8.517,7.297428571,5.615714286,3.934,2.252285714,0.570571429,-1.111142857,-2.792857143
Belgium,11.3,10.4,10.3,10.2,9.9,9.7,9.8,9.328571429,9.103571429,8.878571429,8.653571429,8.428571429,8.203571429,7.978571429
Benin,17.303,14.68,13.359,12.69,11.293,10.094,9.332,7.657142857,6.40175,5.146357143,3.890964286,2.635571429,1.380178571,0.124785714
Burkina Faso,17.407,17.005,16.626,15.539,13.336,10.645,8.823,8.231285714,6.739785714,5.248285714,3.756785714,2.265285714,0.773785714,-0.717714286
Bangladesh,12.547,10.352,8.289,6.883,6.205,5.734,5.549,3.320714286,2.166642857,1.012571429,-0.1415,-1.295571429,-2.449642857,-3.603714286
Bulgaria,12,12.5,13.6,14.1,14.8,14.9,15.3,16.15714286,16.725,17.29285714,17.86071429,18.42857143,18.99642857,19.56428571
Bahrain,3.804,3.386,3.1,2.835,2.483,2.327,2.346,1.881714286,1.627821429,1.373928571,1.120035714,0.866142857,0.61225,0.358357143
"Bahamas, The",5.995,5.592,5.527,5.831,6.233,6.566,6.671,6.728142857,6.895357143,7.062571429,7.229785714,7.397,7.564214286,7.731428571
Bosnia and Herzegovina,6.53,7.711,8.545,8.289,8.899,9.747,10.305,10.82528571,11.38782143,11.95035714,12.51289286,13.07542857,13.63796429,14.2005
Belarus,10.6,10.8,13.1,13.5,14.5,14.5,12.6,14.91428571,15.44285714,15.97142857,16.5,17.02857143,17.55714286,18.08571429
Belize,5.658,5.408,5.936,5.826,4.976,4.597,4.624,4.477285714,4.274285714,4.071285714,3.868285714,3.665285714,3.462285714,3.259285714
Bermuda,,7.3,7.9,8,7.1,7.3,7.4,,7.28,7.217142857,7.154285714,7.091428571,7.028571429,6.965714286
Bolivia,14.249,12.597,10.893,9.409,8.306,7.448,6.89,4.975714286,3.727071429,2.478428571,1.229785714,-0.018857143,-1.2675,-2.516142857
Brazil,7.662,6.948,6.472,6.189,6.037,6.045,6.25,5.589428571,5.358107143,5.126785714,4.895464286,4.664142857,4.432821429,4.2015
Barbados,8.199,7.763,7.488,7.553,7.921,8.368,8.789,8.499142857,8.621035714,8.742928571,8.864821429,8.986714286,9.108607143,9.2305
Brunei Darussalam,4.709,4.378,3.939,3.513,3.492,3.831,4.162,3.548857143,3.435214286,3.321571429,3.207928571,3.094285714,2.980642857,2.867
Bhutan,15.6,13.126,10.931,8.838,7.135,6.414,6.257,3.293142857,1.677107143,0.061071429,-1.554964286,-3.171,-4.787035714,-6.403071429
Botswana,8.375,8.966,11.167,13.535,13.103,9.146,6.259,9.499857143,9.355142857,9.210428571,9.065714286,8.921,8.776285714,8.631571429
Central African Republic,16.695,16.833,18.005,19.212,18.5,16.329,13.621,15.63714286,15.28946429,14.94178571,14.59410714,14.24642857,13.89875,13.55107143
Canada,7,7.3,7.2,7.1,7.1,7,7.4,7.228571429,7.246428571,7.264285714,7.282142857,7.3,7.317857143,7.335714286
Central Europe and the Baltics,11.29737628,11.17514335,11.49484856,11.00692336,11.34498586,11.42948365,11.8380896,11.65254407,11.72329256,11.79404106,11.86478955,11.93553805,12.00628654,12.07703503
Switzerland,9.2,9.5,9,8.7,8.2,8,8.2,7.714285714,7.471428571,7.228571429,6.985714286,6.742857143,6.5,6.257142857
Channel Islands,11.15,10.867,9.929,8.945,8.431,8.046,7.858,6.887142857,6.279428571,5.671714286,5.064,4.456285714,3.848571429,3.240857143
Chile,5.802,5.54,5.393,5.335,5.442,5.631,5.917,5.662285714,5.682857143,5.703428571,5.724,5.744571429,5.765142857,5.785714286
China,6.78,6.67,6.57,6.45,6.51,7.11,7.11,7.001428571,7.066071429,7.130714286,7.195357143,7.26,7.324642857,7.389285714
Cote d'Ivoire,13.684,13.193,13.95,14.989,14.492,12.58,10.769,12.03257143,11.69582143,11.35907143,11.02232143,10.68557143,10.34882143,10.01207143
Cameroon,14.459,14.072,14.687,14.499,13.104,11.583,10.046,10.37857143,9.671428571,8.964285714,8.257142857,7.55,6.842857143,6.135714286
"Congo, Dem. Rep.",17.585,16.657,16.609,15.955,13.573,11.587,10.164,9.527285714,8.261607143,6.995928571,5.73025,4.464571429,3.198892857,1.933214286
"Congo, Rep.",11.445,11.481,12.576,12.891,10.966,8.582,7.18,7.845428571,7.123892857,6.402357143,5.680821429,4.959285714,4.23775,3.516214286
Colombia,5.758,5.698,5.511,5.189,5.14,5.247,5.41,5.090857143,5.008107143,4.925357143,4.842607143,4.759857143,4.677107143,4.594357143
Comoros,13.519,11.508,10.061,9.501,9.099,8.244,7.491,6.264142857,5.350785714,4.437428571,3.524071429,2.610714286,1.697357143,0.784
Cabo Verde,9.388,8.483,7.371,6.253,5.86,6.005,5.807,4.565285714,3.950642857,3.336,2.721357143,2.106714286,1.492071429,0.877428571
Costa Rica,4.095,3.947,3.9,3.959,4.197,4.521,4.862,4.746714286,4.8805,5.014285714,5.148071429,5.281857143,5.415642857,5.549428571
Caribbean small states,7.341854801,7.047766445,6.866967606,6.939706426,7.079140026,7.239207168,7.448262488,7.268168842,7.300821589,7.333474337,7.366127084,7.398779832,7.431432579,7.464085327
Cuba,6.45,7.046,7.215,7.165,7.291,7.721,8.502,8.424571429,8.695357143,8.966142857,9.236928571,9.507714286,9.7785,10.04928571
Curacao,,,,,,8.4,8.8,,,,,,9.2,9.6
Cayman Islands,5.6,4.1,3.4,3.4,3.8,3,2.9,2.328571429,1.975,1.621428571,1.267857143,0.914285714,0.560714286,0.207142857
Cyprus,7.243,6.987,6.898,6.847,6.787,6.756,6.838,6.652571429,6.588714286,6.524857143,6.461,6.397142857,6.333285714,6.269428571
Czech Republic,12.7,12.5,11.4,10.6,10.6,10.2,10.5,9.5,9.071428571,8.642857143,8.214285714,7.785714286,7.357142857,6.928571429
Germany,12,11.6,10.8,10.2,10.1,10.5,11.3,10.21428571,10.03571429,9.857142857,9.678571429,9.5,9.321428571,9.142857143
Djibouti,11.176,10.72,10.67,10.227,9.881,9.156,7.842,7.964714286,7.467607143,6.9705,6.473392857,5.976285714,5.479178571,4.982071429
Dominica,,8.6,,,,8.3,,,8,,,,7.7,
Denmark,11.4,11.9,12.1,10.9,10.1,9.8,9.2,8.942857143,8.485714286,8.028571429,7.571428571,7.114285714,6.657142857,6.2
Dominican Republic,7.134,6.59,6.251,6.117,6.035,6.03,6.081,5.677571429,5.517035714,5.3565,5.195964286,5.035428571,4.874892857,4.714357143
Algeria,7.76,6.207,5.499,4.961,4.674,4.656,4.715,3.63,3.1635,2.697,2.2305,1.764,1.2975,0.831
East Asia & Pacific (excluding high income),7.252700504,6.949354667,6.765674229,6.645174715,6.626355459,6.957354497,6.930860323,6.719804963,6.680917833,6.642030703,6.603143572,6.564256442,6.525369311,6.486482181
Early-demographic dividend,11.01182994,9.786272876,8.726800868,8.019209835,7.519747966,6.968874349,6.653098206,5.538255556,4.8268968,4.115538045,3.40417929,2.692820534,1.981461779,1.270103024
East Asia & Pacific,7.099126125,6.873397797,6.752805743,6.657019029,6.689195766,7.040006343,7.071647449,6.910052762,6.916737444,6.923422125,6.930106807,6.936791489,6.94347617,6.950160852
Europe & Central Asia (excluding high income),10.40748779,10.10542968,12.1806772,12.58793348,13.13571974,11.75087723,10.80040238,12.34188699,12.53562561,12.72936423,12.92310285,13.11684147,13.3105801,13.50431872
Europe & Central Asia,10.51609915,10.25009741,11.09641067,11.08222375,11.18611032,10.49565126,10.3578561,10.72721812,10.73100663,10.73479513,10.73858364,10.74237214,10.74616065,10.74994916
Ecuador,7.147,6.167,5.551,5.182,5.033,5.072,5.096,4.341,4.024535714,3.708071429,3.391607143,3.075142857,2.758678571,2.442214286
"Egypt, Arab Rep.",10.169,8.434,7.255,6.548,6.371,6.218,5.971,4.722285714,4.082642857,3.443,2.803357143,2.163714286,1.524071429,0.884428571
Euro area,10.20328796,10.00462344,9.842920474,9.602727665,9.432018644,9.420777363,10.06135138,9.509043317,9.43745747,9.365871624,9.294285777,9.22269993,9.151114084,9.079528237
Eritrea,16.838,15.826,13.821,11.43,9.907,8.764,7.686,5.539714286,3.914928571,2.290142857,0.665357143,-0.959428571,-2.584214286,-4.209
Spain,8.1,8.6,8.7,8.9,8.8,8.2,9.1,8.957142857,9.039285714,9.121428571,9.203571429,9.285714286,9.367857143,9.45
Estonia,12.7,12.4,14.5,13.2,12.8,11.9,11.6,11.87142857,11.65714286,11.44285714,11.22857143,11.01428571,10.8,10.58571429
Ethiopia,20.445,18.141,16.299,14.024,11.126,8.441,7.017,4.376571429,2.06025,-0.256071429,-2.572392857,-4.888714286,-7.205035714,-9.521357143
European Union,10.49368677,10.32246528,10.24180676,9.94507573,9.849321447,9.840067867,10.39815997,9.920960469,9.862251164,9.803541859,9.744832554,9.686123249,9.627413944,9.568704639
Fragile and conflict affected situations,15.56387934,14.60439704,14.02740045,13.20870389,11.80113697,10.26543614,9.099629986,8.324807209,7.242773875,6.160740541,5.078707206,3.996673872,2.914640538,1.832607204
Finland,9.8,10,9.6,9.5,9.1,9.5,9.6,9.285714286,9.210714286,9.135714286,9.060714286,8.985714286,8.910714286,8.835714286
Fiji,6.494,6.557,6.815,6.939,7.343,8.007,8.172,8.398428571,8.700642857,9.002857143,9.305071429,9.607285714,9.9095,10.21171429
France,9.8,9.3,9.1,8.9,8.5,8.5,8.9,8.3,8.125,7.95,7.775,7.6,7.425,7.25
Faroe Islands,7.5,7.5,8.4,7.7,8.6,7.2,7.7,7.828571429,7.835714286,7.842857143,7.85,7.857142857,7.864285714,7.871428571
"Micronesia, Fed. Sts.",8.058,7.668,7.697,7.704,7.572,7.15,6.549,6.672857143,6.469714286,6.266571429,6.063428571,5.860285714,5.657142857,5.454
Gabon,12.452,11.111,11.114,11.624,11.263,9.323,7.449,7.985714286,7.327285714,6.668857143,6.010428571,5.352,4.693571429,4.035142857
United Kingdom,11.9,11.2,11.1,10.3,9.6,8.9,9.2,8.285714286,7.778571429,7.271428571,6.764285714,6.257142857,5.75,5.242857143
Georgia,9.218,9.352,10.574,11.68,12.369,13.088,13.062,14.306,15.04882143,15.79164286,16.53446429,17.27728571,18.02010714,18.76292857
Ghana,12.534,10.933,10.325,10.402,9.446,8.359,7.663,7.003142857,6.266,5.528857143,4.791714286,4.054571429,3.317428571,2.580285714
Gibraltar,,,,,,,,,,,,,,
Guinea,20.464,17.384,15.847,15.443,13.545,11.002,9.337,7.796428571,6.066178571,4.335928571,2.605678571,0.875428571,-0.854821429,-2.585071429
"Gambia, The",15.567,14.078,12.784,11.256,9.973,9.014,8.329,6.621142857,5.383535714,4.145928571,2.908321429,1.670714286,0.433107143,-0.8045
Guinea-Bissau,20.274,18.572,16.772,15.031,13.417,11.741,10.244,8.420571429,6.738178571,5.055785714,3.373392857,1.691,0.008607143,-1.673785714
Equatorial Guinea,18.218,17.449,15.415,13.686,12.455,11.273,10.002,8.362571429,6.935428571,5.508285714,4.081142857,2.654,1.226857143,-0.200285714
Greece,9.4,9.2,9.5,9.7,9.6,9.8,11.2,10.72857143,10.96785714,11.20714286,11.44642857,11.68571429,11.925,12.16428571
Grenada,8.05,7.968,7.484,7.143,7.544,8.585,9.487,8.838,9.038178571,9.238357143,9.438535714,9.638714286,9.838892857,10.03907143
Greenland,8.2,8.4,8.6,8,8.2,9,8.4,8.6,8.65,8.7,8.75,8.8,8.85,8.9
Guatemala,9.964,8.538,7.297,6.235,5.592,5.15,4.829,3.388428571,2.535357143,1.682285714,0.829214286,-0.023857143,-0.876928571,-1.73
Guam,4.75,4.709,4.585,4.544,4.658,4.864,5.085,4.940428571,4.99,5.039571429,5.089142857,5.138714286,5.188285714,5.237857143
Guyana,8.496,8.289,8.041,7.638,7.279,7.143,7.213,6.742285714,6.49575,6.249214286,6.002678571,5.756142857,5.509607143,5.263071429
High income,8.851689957,8.727448472,8.720354959,8.458258406,8.364987736,8.281876882,8.705226073,8.346277204,8.286066416,8.225855629,8.165644841,8.105434053,8.045223265,7.985012478
"Hong Kong SAR, China",4.6,5.2,5.1,5.1,5.7,6,6.3,6.471428571,6.732142857,6.992857143,7.253571429,7.514285714,7.775,8.035714286
Honduras,8.136,6.684,5.879,5.239,4.808,4.534,4.424,3.313857143,2.724321429,2.134785714,1.54525,0.955714286,0.366178571,-0.223357143
Heavily indebted poor countries (HIPC),16.91214956,16.3194656,15.50469115,14.02205788,11.99038234,9.8746951,8.312651501,7.247678449,5.740451877,4.233225306,2.725998735,1.218772164,-0.288454408,-1.795680979
Croatia,11.1,10.9,10.9,11.2,11.656,11.8,12.9,12.63028571,12.91442857,13.19857143,13.48271429,13.76685714,14.051,14.33514286
Haiti,14.848,13.35,12.132,11.279,10.474,9.629,8.893,7.662857143,6.699821429,5.736785714,4.77375,3.810714286,2.847678571,1.884642857
Hungary,13.9,14,14.1,13.3,13.5,13,13.4,13.01428571,12.86785714,12.72142857,12.575,12.42857143,12.28214286,12.13571429
IBRD only,8.948911356,8.283012219,7.983292567,7.702328406,7.566468155,7.398495489,7.198563232,6.806309883,6.540706231,6.27510258,6.009498928,5.743895277,5.478291625,5.212687974
IDA & IBRD total,10.03118971,9.364159023,9.017849764,8.624501915,8.260518525,7.818998809,7.424782447,6.982160963,6.565486911,6.14881286,5.732138808,5.315464756,4.898790705,4.482116653
IDA total,14.75037121,13.85991251,13.08267155,12.03516441,10.66588392,9.182499584,8.114730788,7.144671319,6.013295078,4.881918837,3.750542596,2.619166355,1.487790114,0.356413873
IDA blend,13.63636068,13.14602367,12.98318769,12.56936379,11.5160651,10.082509,9.018690648,8.786434078,8.020464006,7.254493934,6.488523862,5.72255379,4.956583718,4.190613646
Indonesia,9.298,8.339,7.67,7.475,7.203,6.653,6.419,5.797285714,5.351714286,4.906142857,4.460571429,4.015,3.569428571,3.123857143
IDA only,15.30260076,14.21826077,13.13245608,11.76721944,10.24142272,8.731074928,7.657697957,6.32151703,5.007227264,3.692937498,2.378647732,1.064357966,-0.2499318,-1.564221566
Isle of Man,16.6,,,,9.8,,,3,,,,-3.8,,
India,12.117,10.864,9.579,8.692,8.074,7.492,7.194,5.856285714,5.034214286,4.212142857,3.390071429,2.568,1.745928571,0.923857143
Not classified,,,,,,,,,,,,,,
Ireland,9.4,8.9,8.9,8.2,6.8,6.1,6.4,5.428571429,4.832142857,4.235714286,3.639285714,3.042857143,2.446428571,1.85
"Iran, Islamic Rep.",11.484,7.211,5.373,5.077,5.041,4.905,4.805,2.702142857,1.809964286,0.917785714,0.025607143,-0.866571429,-1.75875,-2.650928571
Iraq,9.209,7.063,6.03,5.627,5.716,5.514,4.965,3.997142857,3.420571429,2.844,2.267428571,1.690857143,1.114285714,0.537714286
Iceland,6.8,6.7,7.2,6.5,6.2,6.4,6.6,6.314285714,6.235714286,6.157142857,6.078571429,6,5.921428571,5.842857143
Israel,6.6,6.8,6.3,6,5.6,5.2,5.3,4.857142857,4.578571429,4.3,4.021428571,3.742857143,3.464285714,3.185714286
Italy,9.7,9.6,9.8,9.8,9.8,9.9,10.7,10.41428571,10.54285714,10.67142857,10.8,10.92857143,11.05714286,11.18571429
Jamaica,6.964,6.6,6.229,6.52,7.005,7.31,7.523,7.432,7.570321429,7.708642857,7.846964286,7.985285714,8.123607143,8.261928571
Jordan,5.932,5.07,4.475,4.129,3.939,3.832,3.813,3.117285714,2.782678571,2.448071429,2.113464286,1.778857143,1.44425,1.109642857
Japan,6.2,6.7,7.41,7.7,8.53,9.5,10.3,10.76571429,11.445,12.12428571,12.80357143,13.48285714,14.16214286,14.84142857
Kazakhstan,8,7.87,10.66,10.06,10.37,8.95,7.46,9.088571429,9.0975,9.106428571,9.115357143,9.124285714,9.133214286,9.142142857
Kenya,10.073,10.187,11.562,12.621,10.544,7.467,5.928,7.069857143,6.395107143,5.720357143,5.045607143,4.370857143,3.696107143,3.021357143
Kyrgyz Republic,9.077,6.9,8,7,7.2,6.6,5.8,5.620857143,5.21975,4.818642857,4.417535714,4.016428571,3.615321429,3.214214286
Cambodia,14.164,12.678,11.346,9.426,7.479,6.512,6.099,3.901428571,2.458785714,1.016142857,-0.4265,-1.869142857,-3.311785714,-4.754428571
Kiribati,11.293,10.087,8.964,7.918,7.311,7.031,6.578,5.324571429,4.542071429,3.759571429,2.977071429,2.194571429,1.412071429,0.629571429
St. Kitts and Nevis,10.2,,9.4,,,,,8.6,,7.8,,,,
"Korea, Rep.",5.9,5.6,5.3,5.2,5.1,5.1,5.4,4.985714286,4.889285714,4.792857143,4.696428571,4.6,4.503571429,4.407142857
Kuwait,3.081,2.537,2.453,2.551,2.548,2.404,2.451,2.280571429,2.206964286,2.133357143,2.05975,1.986142857,1.912535714,1.838928571
Latin America & Caribbean (excluding high income),7.48650615,6.827650364,6.327862219,5.990378454,5.862517622,5.93100603,6.107342868,5.448162942,5.219729974,4.991297005,4.762864037,4.534431069,4.3059981,4.077565132
Lao PDR,15.374,13.817,11.904,9.827,8.408,7.394,6.691,4.432,2.918035714,1.404071429,-0.109892857,-1.623857143,-3.137821429,-4.651785714
Lebanon,6.949,6.371,5.495,4.621,4.051,3.9,4.109,2.941428571,2.409071429,1.876714286,1.344357143,0.812,0.279642857,-0.252714286
Liberia,19.008,19.403,17.658,14.973,12.276,9.662,8.213,6.277714286,4.233107143,2.1885,0.143892857,-1.900714286,-3.945321429,-5.989928571
Libya,5.932,5.157,4.721,4.633,4.527,4.8,5.111,4.501428571,4.381035714,4.260642857,4.14025,4.019857143,3.899464286,3.779071429
St. Lucia,6.072,6.239,6.717,6.666,6.372,6.577,7.084,7.013428571,7.133678571,7.253928571,7.374178571,7.494428571,7.614678571,7.734928571
Latin America & Caribbean,7.348882823,6.734275187,6.279352264,5.966465093,5.857654518,5.942041898,6.152441589,5.526517907,5.326679049,5.126840191,4.927001333,4.727162475,4.527323617,4.327484758
Least developed countries: UN classification,16.02197772,14.97093363,13.79867996,12.28596604,10.6178441,8.951825821,7.743407673,6.333696188,4.903168987,3.472641786,2.042114586,0.611587385,-0.818939816,-2.249467017
Low income,16.92059198,16.32976223,15.36743514,13.71942932,11.66904778,9.703121103,8.355333082,7.059610619,5.536487537,4.013364455,2.490241373,0.96711829,-0.556004792,-2.079127874
Liechtenstein,6.4,6.8,7.3,7.3,6.2,6.6,6.7,6.671428571,6.65,6.628571429,6.607142857,6.585714286,6.564285714,6.542857143
Sri Lanka,6.245,6.5,7.308,6.89,5.766,6.02,6.368,6.137714286,6.061535714,5.985357143,5.909178571,5.833,5.756821429,5.680642857
Lower middle income,11.65326882,10.49467188,9.650992507,9.000701519,8.401605972,7.701082186,7.261048291,6.307163379,5.592405253,4.877647127,4.162889001,3.448130875,2.733372749,2.018614623
Low & middle income,10.03505596,9.362531437,9.025309823,8.638110775,8.268163453,7.820168633,7.415484347,6.980605372,6.56272727,6.144849169,5.726971068,5.309092967,4.891214866,4.473336765
Lesotho,10.64,10.073,11.661,16.21,20.204,19.325,15.75,20.89142857,22.40489286,23.91835714,25.43182143,26.94528571,28.45875,29.97221429
Late-demographic dividend,7.386964163,7.138715598,7.36873712,7.344647166,7.409921374,7.568517028,7.473901505,7.550429013,7.591914697,7.63340038,7.674886064,7.716371747,7.757857431,7.799343114
Lithuania,11.1,10.8,12.5,11.1,13.2,13.6,14.4,14.7,15.27857143,15.85714286,16.43571429,17.01428571,17.59285714,18.17142857
Luxembourg,11,9.9,9.3,8.6,7.8,7.4,7,6.071428571,5.410714286,4.75,4.089285714,3.428571429,2.767857143,2.107142857
Latvia,13.2,13.1,15.7,13.6,14.6,14.3,14.4,14.82857143,15.00357143,15.17857143,15.35357143,15.52857143,15.70357143,15.87857143
"Macao SAR, China",5.349,4.531,4.023,3.853,3.766,3.668,3.743,3.161714286,2.918821429,2.675928571,2.433035714,2.190142857,1.94725,1.704357143
St. Martin (French part),3.4,2.8,2.9,3.4,3.7,3.9,4.1,4.185714286,4.367857143,4.55,4.732142857,4.914285714,5.096428571,5.278571429
Morocco,8.983,7.393,6.678,6.341,5.701,5.225,5.118,4.075857143,3.472,2.868142857,2.264285714,1.660428571,1.056571429,0.452714286
Monaco,,,,,,,7.6,,,,,,,7.6
Moldova,10.737,10.354,11.29,11.715,11.979,11.788,11.398,12.11442857,12.31228571,12.51014286,12.708,12.90585714,13.10371429,13.30157143
Madagascar,16.115,15.153,12.74,10.199,8.498,7.375,6.472,3.975,2.23475,0.4945,-1.24575,-2.986,-4.72625,-6.4665
Maldives,11.242,8.683,6.247,4.635,3.889,3.529,3.058,0.580714286,-0.7485,-2.077714286,-3.406928571,-4.736142857,-6.065357143,-7.394571429
Middle East & North Africa,9.24420941,7.111682725,6.033017438,5.535443958,5.249619852,5.054125794,4.967195239,3.637962922,3.004764567,2.371566211,1.738367855,1.105169499,0.471971144,-0.161227212
Mexico,6.035,5.447,5.033,4.737,4.792,5.266,5.763,5.093428571,5.04275,4.992071429,4.941392857,4.890714286,4.840035714,4.789357143
Marshall Islands,,,,,,,,,,,,,,
Middle income,9.547104966,8.850423915,8.528641868,8.213110261,7.959828824,7.635025769,7.31650282,6.908460378,6.562338387,6.216216395,5.870094403,5.523972411,5.177850419,4.831728427
North Macedonia,7.337,7.547,8.073,8.302,8.905,9.511,9.801,10.23257143,10.66657143,11.10057143,11.53457143,11.96857143,12.40257143,12.83657143
Mali,22.364,20.492,19.743,18.292,15.112,12.481,10.649,9.047857143,7.055071429,5.062285714,3.0695,1.076714286,-0.916071429,-2.908857143
Malta,8.4,7.8,7.2,7.5,7.8,7.3,7.7,7.314285714,7.225,7.135714286,7.046428571,6.957142857,6.867857143,6.778571429
Myanmar,12.131,11.008,10.332,9.864,9.447,8.858,8.295,7.606,7.009821429,6.413642857,5.817464286,5.221285714,4.625107143,4.028928571
Middle East & North Africa (excluding high income),9.637325439,7.385600171,6.25526463,5.752143018,5.481585375,5.348913074,5.274952935,3.885944812,3.245438706,2.6049326,1.964426495,1.323920389,0.683414283,0.042908178
Montenegro,6.912,7.159,8.358,9.746,10.223,10.21,10.372,11.61814286,12.27339286,12.92864286,13.58389286,14.23914286,14.89439286,15.54964286
Mongolia,11.654,10.058,8.817,7.688,7.004,6.562,6.283,4.735428571,3.8455,2.955571429,2.065642857,1.175714286,0.285785714,-0.604142857
Northern Mariana Islands,,,,,,,,,,,,,,
Mozambique,21.08,19.863,18.288,16.462,14.755,12.89,10.025,8.959857143,7.151142857,5.342428571,3.533714286,1.725,-0.083714286,-1.892428571
Mauritania,10.996,9.827,9.411,9.286,8.943,8.33,7.606,7.252428571,6.765571429,6.278714286,5.791857143,5.305,4.818142857,4.331285714
Mauritius,6.8,6.6,6.7,6.7,7,7.3,7.7,7.6,7.757142857,7.914285714,8.071428571,8.228571429,8.385714286,8.542857143
Malawi,20.231,19.22,18.496,18.137,15.617,10.789,7.415,7.388,5.309821429,3.231642857,1.153464286,-0.924714286,-3.002892857,-5.081071429
Malaysia,5.258,4.854,4.632,4.528,4.52,4.649,4.877,4.521857143,4.462392857,4.402928571,4.343464286,4.284,4.224535714,4.165071429
North America,8.53344488,8.46993852,8.641234407,8.362609242,8.181737065,7.896338362,8.335657431,8.031557129,7.952983557,7.874409986,7.795836414,7.717262843,7.638689271,7.5601157
Namibia,9.943,8.546,9.614,12.685,13.89,11.342,8.669,11.53357143,11.7495,11.96542857,12.18135714,12.39728571,12.61321429,12.82914286
New Caledonia,5.8,5.4,5.3,5.1,4.9,4.8,5.4,4.842857143,4.742857143,4.642857143,4.542857143,4.442857143,4.342857143,4.242857143
Niger,24.617,22.97,20.189,17.234,14.296,11.353,9.145,6.323,3.625035714,0.927071429,-1.770892857,-4.468857143,-7.166821429,-9.864785714
Nigeria,18.633,18.579,18.406,17.895,16.267,14.27,12.686,12.59114286,11.56978571,10.54842857,9.527071429,8.505714286,7.484357143,6.463
Nicaragua,9.297,7.337,5.95,5.335,5.102,5.063,5.032,3.560714286,2.911035714,2.261357143,1.611678571,0.962,0.312321429,-0.337357143
Netherlands,8.5,8.6,8.8,8.8,8.4,8.2,8.7,8.485714286,8.464285714,8.442857143,8.421428571,8.4,8.378571429,8.357142857
Norway,10.7,10.9,10.4,9.8,8.9,8.5,7.8,7.428571429,6.892857143,6.357142857,5.821428571,5.285714286,4.75,4.214285714
Nepal,15.484,12.839,10.391,8.518,7.363,6.815,6.502,3.698571429,2.197785714,0.697,-0.803785714,-2.304571429,-3.805357143,-5.306142857
Nauru,,,,,,,,,,,,,,
New Zealand,8.4,8.1,7.49,6.91,6.54,6.53,6.85,6.011428571,5.699285714,5.387142857,5.075,4.762857143,4.450714286,4.138571429
OECD members,8.740163789,8.534128446,8.440618866,8.131697516,8.021485534,8.000562112,8.402063772,7.967164855,7.877858925,7.788552994,7.699247064,7.609941134,7.520635203,7.431329273
Oman,7.39,5.483,4.242,3.518,3.079,2.794,2.542,1.137571429,0.384535714,-0.3685,-1.121535714,-1.874571429,-2.627607143,-3.380642857
Other small states,11.07702546,10.22475916,10.39092904,10.95181439,10.87371959,9.191074203,7.727078036,8.400282606,7.984767548,7.569252489,7.153737431,6.738222372,6.322707314,5.907192256
Pakistan,11.754,10.828,9.827,8.862,8.149,7.568,7.107,5.993714286,5.203035714,4.412357143,3.621678571,2.831,2.040321429,1.249642857
Panama,5.175,4.946,4.82,4.783,4.838,4.925,5.003,4.85,4.830714286,4.811428571,4.792142857,4.772857143,4.753571429,4.734285714
Peru,8.337,7.05,6.038,5.485,5.319,5.299,5.348,4.241142857,3.770142857,3.299142857,2.828142857,2.357142857,1.886142857,1.415142857
Philippines,7.081,6.298,5.556,5.432,5.469,5.623,5.798,5.138714286,4.949928571,4.761142857,4.572357143,4.383571429,4.194785714,4.006
Palau,,7.7,6.4,6.5,6.7,8.1,7.7,,7.713333333,7.864761905,8.016190476,8.167619048,8.319047619,8.47047619
Papua New Guinea,11.629,10.713,9.978,9.546,8.981,8.348,7.755,7.085857143,6.46625,5.846642857,5.227035714,4.607428571,3.987821429,3.368214286
Poland,10.3,10.2,10,9.6,9.6,9.9,10.4,9.9,9.875,9.85,9.825,9.8,9.775,9.75
Pre-demographic dividend,16.87114204,16.25298659,15.87136024,15.01322143,13.11329031,10.9905177,9.320131043,8.78522981,7.501799785,6.21836976,4.934939735,3.65150971,2.368079684,1.084649659
Puerto Rico,7.1,7.3,8.1,7.48,7.6,7.833,8.084,8.145,8.270642857,8.396285714,8.521928571,8.647571429,8.773214286,8.898857143
"Korea, Dem. People's Rep.",6.133,5.663,7.639,9.076,8.614,8.781,8.76,9.965428571,10.50442857,11.04342857,11.58242857,12.12142857,12.66042857,13.19942857
Portugal,9.7,10.3,10.3,10.2,10.2,10,10.5,10.41428571,10.475,10.53571429,10.59642857,10.65714286,10.71785714,10.77857143
Paraguay,6.493,6.11,5.759,5.511,5.387,5.408,5.422,5.014428571,4.83625,4.658071429,4.479892857,4.301714286,4.123535714,3.945357143
West Bank and Gaza,,6.72,5.42,4.5,4,3.511,3.488,,2.3678,1.728171429,1.088542857,0.448914286,-0.190714286,-0.830342857
Pacific island small states,7.041794181,6.868004266,6.795568471,6.579414454,6.49939509,6.613496678,6.411077903,6.301630521,6.205297043,6.108963565,6.012630086,5.916296608,5.81996313,5.723629651
Post-demographic dividend,9.14134503,9.094897043,9.318543772,9.083818087,9.059197741,8.94639946,9.375378426,9.166476936,9.171682614,9.176888292,9.18209397,9.187299648,9.192505326,9.197711005
French Polynesia,5.683,5.428,5.074,4.787,4.77,5.011,5.418,4.891142857,4.822107143,4.753071429,4.684035714,4.615,4.545964286,4.476928571
Qatar,2.537,2.133,2.017,1.941,1.589,1.211,1.131,0.867,0.635214286,0.403428571,0.171642857,-0.060142857,-0.291928571,-0.523714286
Romania,10.9,10.6,12,11.4,12.3,12.8,13.2,13.54285714,13.95714286,14.37142857,14.78571429,15.2,15.61428571,16.02857143
Russian Federation,11.3,11.2,15,17.1,18.6,16.1,14.4,18.05714286,18.86785714,19.67857143,20.48928571,21.3,22.11071429,22.92142857
Rwanda,14.045,34.184,34.43,14,11.796,7.31,5.597,2.805142857,-0.827928571,-4.461,-8.094071429,-11.72714286,-15.36021429,-18.99328571
South Asia,12.15558189,10.8287744,9.519675821,8.560503361,7.900377625,7.324815791,7.009886947,5.605045085,4.745605791,3.886166496,3.026727202,2.167287908,1.307848614,0.44840932
Saudi Arabia,6.333,4.913,4.118,3.691,3.561,3.464,3.412,2.467714286,2.031357143,1.595,1.158642857,0.722285714,0.285928571,-0.150428571
Sudan,12.606,12.045,11.308,10.263,9.17,8.122,7.428,6.489142857,5.577785714,4.666428571,3.755071429,2.843714286,1.932357143,1.021
Senegal,13.531,11.335,11.11,10.752,9.137,7.305,6.141,5.301142857,4.151035714,3.000928571,1.850821429,0.700714286,-0.449392857,-1.5995
Singapore,4.9,4.7,4.8,4.5,4.4,4.4,4.8,4.457142857,4.410714286,4.364285714,4.317857143,4.271428571,4.225,4.178571429
Solomon Islands,7.223,6.779,6.226,5.561,5.107,4.752,4.38,3.760857143,3.2715,2.782142857,2.292785714,1.803428571,1.314071429,0.824714286
Sierra Leone,24.337,25.386,26.113,23.594,19.146,15.25,12.63,12.01371429,9.786571429,7.559428571,5.332285714,3.105142857,0.878,-1.349142857
El Salvador,10.186,8.103,7.048,6.772,6.72,6.848,6.959,5.731,5.283892857,4.836785714,4.389678571,3.942571429,3.495464286,3.048357143
San Marino,,,,,7.3,6.5,7.1,,,,,6.766666667,6.666666667,6.566666667
Somalia,18.614,19.554,18.418,15.489,14.199,12.869,11.534,10.264,8.87725,7.4905,6.10375,4.717,3.33025,1.9435
Serbia,,,12.3,13.8,14.3,14.2,14.6,,,15.34,15.84,16.34,16.84,17.34
Sub-Saharan Africa (excluding high income),16.42637775,16.02310695,15.72278953,15.00590406,13.30788319,11.01463271,9.254995176,8.972812403,7.760455169,6.548097935,5.335740702,4.123383468,2.911026234,1.698669001
South Sudan,23.346,20.795,18.062,16.075,14.055,11.984,10.826,7.993428571,5.879535714,3.765642857,1.65175,-0.462142857,-2.576035714,-4.689928571
Sub-Saharan Africa,16.4250158,16.02197139,15.72166363,15.00490342,13.30731461,11.01425932,9.254830478,8.972804215,7.760649603,6.548494991,5.336340379,4.124185767,2.912031155,1.699876543
Small states,9.857187188,9.247709913,9.347647384,9.788435805,9.799776485,8.64924908,7.597314042,8.108986842,7.840257842,7.571528842,7.302799842,7.034070842,6.765341842,6.496612842
Sao Tome and Principe,11.023,11.061,10.533,9.054,7.167,5.848,5.111,4.038428571,2.912428571,1.786428571,0.660428571,-0.465571429,-1.591571429,-2.717571429
Suriname,7.393,7.256,7.26,7.453,7.3,7.017,7.164,7.102571429,7.062392857,7.022214286,6.982035714,6.941857143,6.901678571,6.8615
Slovak Republic,10.2,10.3,9.8,9.8,10,9.9,9.9,9.771428571,9.717857143,9.664285714,9.610714286,9.557142857,9.503571429,9.45
Slovenia,10.2,9.3,9.5,9.3,9.4,9.1,9.6,9.157142857,9.075,8.992857143,8.910714286,8.828571429,8.746428571,8.664285714
Sweden,11.3,11.1,10.6,10.5,10.2,9.6,9.3,9.028571429,8.692857143,8.357142857,8.021428571,7.685714286,7.35,7.014285714
Eswatini,9.154,7.587,9.433,14.877,18.586,16.233,11.235,17.11328571,18.28071429,19.44814286,20.61557143,21.783,22.95042857,24.11785714
Sint Maarten (Dutch part),,,,,3.4,4.1,5.4,,,,,6.3,7.3,8.3
Seychelles,7.2,7.7,7,6.8,8.1,7.4,7.5,7.585714286,7.635714286,7.685714286,7.735714286,7.785714286,7.835714286,7.885714286
Syrian Arab Republic,5.489,4.509,3.99,3.719,3.399,4.495,5.771,4.514142857,4.52225,4.530357143,4.538464286,4.546571429,4.554678571,4.562785714
Turks and Caicos Islands,,,,,,,,,,,,,,
Chad,19.731,18.937,18.389,17.732,16.636,14.598,12.77,12.497,11.37864286,10.26028571,9.141928571,8.023571429,6.905214286,5.786857143
East Asia & Pacific (IDA & IBRD countries),7.267213808,6.96583326,6.754412543,6.614094928,6.600965416,6.934304038,6.908080081,6.678713903,6.632502948,6.586291993,6.540081037,6.493870082,6.447659127,6.401448171
Europe & Central Asia (IDA & IBRD countries),10.40564027,10.12306173,11.97301764,12.31044204,12.81040045,11.59147261,10.78628678,12.13092366,12.30650024,12.48207681,12.65765339,12.83322996,13.00880654,13.18438311
Togo,13.046,11.973,12.246,12.756,11.929,10.175,8.841,9.205428571,8.615142857,8.024857143,7.434571429,6.844285714,6.254,5.663714286
Thailand,6.129,5.707,6.344,6.877,7.123,7.191,7.389,7.755285714,8.024107143,8.292928571,8.56175,8.830571429,9.099392857,9.368214286
Tajikistan,11.825,11.425,10.878,8.511,6.572,5.746,5.201,3.517428571,2.248285714,0.979142857,-0.29,-1.559142857,-2.828285714,-4.097428571
Turkmenistan,9.213,8.811,8.262,7.771,7.467,7.214,7.098,6.500285714,6.131214286,5.762142857,5.393071429,5.024,4.654928571,4.285857143
Latin America & the Caribbean (IDA & IBRD countries),7.375702407,6.722815516,6.243467713,5.928023981,5.814321305,5.892813425,6.095096347,5.448753132,5.236932819,5.025112505,4.813292192,4.601471879,4.389651566,4.177831252
Timor-Leste,19.632,16.58,13.56,10.366,8.001,6.505,6.169,2.102142857,-0.2585,-2.619142857,-4.979785714,-7.340428571,-9.701071429,-12.06171429
Middle East & North Africa (IDA & IBRD countries),9.637325439,7.391471036,6.263474878,5.765382948,5.497905471,5.370064475,5.296165995,3.912847054,3.275994881,2.639142707,2.002290533,1.36543836,0.728586186,0.091734012
Tonga,6.268,6.225,6.615,6.862,6.982,7.179,7.24,7.508857143,7.69425,7.879642857,8.065035714,8.250428571,8.435821429,8.621214286
South Asia (IDA & IBRD),12.15558189,10.8287744,9.519675821,8.560503361,7.900377625,7.324815791,7.009886947,5.605045085,4.745605791,3.886166496,3.026727202,2.167287908,1.307848614,0.44840932
Sub-Saharan Africa (IDA & IBRD countries),16.4250158,16.02197139,15.72166363,15.00490342,13.30731461,11.01425932,9.254830478,8.972804215,7.760649603,6.548494991,5.336340379,4.124185767,2.912031155,1.699876543
Trinidad and Tobago,7.69,7.483,7.505,7.598,7.635,7.77,8.07,7.942142857,8.008,8.073857143,8.139714286,8.205571429,8.271428571,8.337285714
Tunisia,7.204,6.275,5.531,5.53,5.849,6.194,6.298,5.759857143,5.668357143,5.576857143,5.485357143,5.393857143,5.302357143,5.210857143
Turkey,9.512,8.247,7.301,6.466,6.013,5.697,5.404,4.275428571,3.607142857,2.938857143,2.270571429,1.602285714,0.934,0.265714286
Tuvalu,,,,,,,,,,,,,,
Tanzania,15.027,14.914,15.05,13.808,11.496,9.212,7.161,6.873142857,5.496142857,4.119142857,2.742142857,1.365142857,-0.011857143,-1.388857143
Uganda,16.588,18.012,18.753,16.511,12.753,9.659,7.345,7.026571429,5.225321429,3.424071429,1.622821429,-0.178428571,-1.979678571,-3.780928571
Ukraine,11.77,12.1,15.4,15.4,16.6,15.2,14.9,16.88,17.47964286,18.07928571,18.67892857,19.27857143,19.87821429,20.47785714
Upper middle income,7.453009448,7.150905185,7.323994381,7.330934408,7.441648344,7.553980303,7.386968286,7.481017295,7.506934464,7.532851632,7.5587688,7.584685969,7.610603137,7.636520305
Uruguay,9.843,9.79,9.55,9.417,9.327,9.324,9.44,9.189571429,9.105142857,9.020714286,8.936285714,8.851857143,8.767428571,8.683
United States,8.7,8.6,8.8,8.5,8.3,7.995,8.44,8.120714286,8.031785714,7.942857143,7.853928571,7.765,7.676071429,7.587142857
Uzbekistan,7.2,6.1,6.4,5.5,5.4,4.8,4.9,4.257142857,3.882142857,3.507142857,3.132142857,2.757142857,2.382142857,2.007142857
St. Vincent and the Grenadines,6.851,6.647,6.941,7.248,7.269,7.79,8.87,8.612428571,8.922107143,9.231785714,9.541464286,9.851142857,10.16082143,10.4705
"Venezuela, RB",5.174,5.027,5.038,5.09,5.221,5.56,6.408,6.067,6.243821429,6.420642857,6.597464286,6.774285714,6.951107143,7.127928571
British Virgin Islands,,,,,,,,,,,,,,
Virgin Islands (U.S.),5,4.625,5.025,6,6.1,6.6,7.3,7.510714286,7.936607143,8.3625,8.788392857,9.214285714,9.640178571,10.06607143
Vietnam,6.871,6.36,5.889,5.651,5.651,5.81,6.126,5.540714286,5.413107143,5.2855,5.157892857,5.030285714,4.902678571,4.775071429
Vanuatu,7.88,7.117,6.646,6.118,5.621,5.526,5.45,4.694428571,4.283821429,3.873214286,3.462607143,3.052,2.641392857,2.230785714
World,9.780975899,9.225778246,8.954390868,8.592466953,8.272315252,7.887853,7.619719729,7.213115047,6.861625953,6.51013686,6.158647766,5.807158673,5.455669579,5.104180486
Samoa,6.701,6.6,6.639,6.316,5.963,5.848,5.461,5.375428571,5.164714286,4.954,4.743285714,4.532571429,4.321857143,4.111142857
Kosovo,7.6,7.1,6.5,7.1,7,6.9,6.9,6.728571429,6.657142857,6.585714286,6.514285714,6.442857143,6.371428571,6.3
"Yemen, Rep.",14.177,11.833,10.52,8.894,7.197,6.189,5.969,3.649142857,2.247892857,0.846642857,-0.554607143,-1.955857143,-3.357107143,-4.758357143
South Africa,9.308,8.082,8.98,12.107,13.994,12.085,9.769,12.67542857,13.18982143,13.70421429,14.21860714,14.733,15.24739286,15.76178571
Zambia,13.942,15.711,18.274,17.929,14.376,10.051,7.169,8.845,7.575821429,6.306642857,5.037464286,3.768285714,2.499107143,1.229928571
Zimbabwe,8.25,9.074,12.707,16.534,17.91,13.679,8.673,14.64414286,15.20421429,15.76428571,16.32435714,16.88442857,17.4445,18.00457143
