,Country,Pop_1985,Pop_1990,Pop_1995,Pop_2000,Pop_2005,Pop_2010,Pop_2015,Pop_2020,Pop_2025,Pop_2030,Pop_2035,Pop_2040,Pop_2045,Pop_2050,Bir_1985,Bir_1990,Bir_1995,Bir_2000,Bir_2005,Bir_2010,Bir_2015,Bir_2020,Bir_2025,Bir_2030,Bir_2035,Bir_2040,Bir_2045,Bir_2050,Dea_1985,Dea_1990,Dea_1995,Dea_2000,Dea_2005,Dea_2010,Dea_2015,Dea_2020,Dea_2025,Dea_2030,Dea_2035,Dea_2040,Dea_2045,Dea_2050,Language
0,Afghanistan,13120,13569,19446,22462,26335,29121,32565,36644,41118,45665,50195,54717,59256,63796,49.735,48.88,48.835,48.021,44.723,39.829,34.809,38.18361073,34.40209108,32.24101102,30.07993097,27.91885091,25.75777085,23.59669079,18.005,15.241,13.282,11.718,10.003,8.25,6.929,4.705571429,2.902392857,1.099214286,-0.703964286,-2.507142857,-4.310321429,-6.1135,Dari
1,Algeria,22009,25191,28322,30639,32918,35950,39543,42973,45842,48149,50118,52030,53894,55445,38.175,32.13,24.884,19.554,20.774,24.504,25.481,16.29270056,15.24177885,13.02343247,10.80508609,8.586739709,6.368393328,4.150046946,7.76,6.207,5.499,4.961,4.674,4.656,4.715,3.63,3.1635,2.697,2.2305,1.764,1.2975,0.831,Arabic?
2,Argentina,30672,33036,35274,37336,39182,41344,43432,45379,47165,48796,50273,51574,52663,53512,22.889,22.226,20.881,19.499,18.735,18.154,17.548,17.30476384,15.82827478,14.97798129,14.1276878,13.27739431,12.42710082,11.57680733,8.331,8.163,7.946,7.845,7.775,7.708,7.638,7.463714286,7.350857143,7.238,7.125142857,7.012285714,6.899428571,6.786571429,Spanish
3,Bangladesh,102309,112213,121443,132151,144139,156119,168958,169778,178312,185605,191616,196224,199442,201249,39.713,35.099,30.897,27.493,24.053,21.107,19.156,16.11730169,11.82790085,8.522009322,5.216117797,1.910226271,-1.395665254,-4.70155678,12.547,10.352,8.289,6.883,6.205,5.734,5.549,3.320714286,2.166642857,1.012571429,-0.1415,-1.295571429,-2.449642857,-3.603714286,Bengali
4,Brazil,135734,149410,161912,174316,186021,195835,204260,216016,223028,228720,233068,236077,237826,238390,28.843,24.844,22.424,20.119,17.243,15.327,14.472,10.61204859,8.326024294,5.901695009,3.477365725,1.053036441,-1.371292844,-3.795622128,7.662,6.948,6.472,6.189,6.037,6.045,6.25,5.589428571,5.358107143,5.126785714,4.895464286,4.664142857,4.432821429,4.2015,Portuguese
5,Canada,25942,27791,29691,31100,32387,33760,35100,36388,37559,38565,39396,40071,40636,41136,14.9,15,12.6,10.7,10.6,11.1,10.7,8.007514124,7.718042776,6.832954668,5.947866559,5.06277845,4.177690342,3.292602233,7,7.3,7.2,7.1,7.1,7,7.4,7.228571429,7.246428571,7.264285714,7.282142857,7.3,7.317857143,7.335714286,English?
6,China,1061876,1153164,1221056,1268302,1302285,1336681,1367486,1397026,1410807,1419019,1424558,1428383,1433211,1437978,21.04,21.06,17.12,14.03,12.4,11.9,12.07,7.575254237,6.265841404,4.402826877,2.539812349,0.676797821,-1.186216707,-3.049231235,6.78,6.67,6.57,6.45,6.51,7.11,7.11,7.001428571,7.066071429,7.130714286,7.195357143,7.26,7.324642857,7.389285714,Mandarin
7,Colombia,29748,33148,36532,38911,41488,44206,46737,49085,51195,52965,54345,55335,55956,56228,28.813,27.136,25.094,22.256,19.295,16.779,15.515,11.87768814,9.887236925,7.45202046,5.016803995,2.58158753,0.146371065,-2.2888454,5.758,5.698,5.511,5.189,5.14,5.247,5.41,5.090857143,5.008107143,4.925357143,4.842607143,4.759857143,4.677107143,4.594357143,Spanish
8,Ethiopia,40684,47555,55726,64366,74355,86043,99466,114641,131261,149123,168007,187611,207685,228067,48.937,47.479,46.245,43.728,39.307,35.861,33.635,35.62153164,30.7444801,28.38732203,26.03016395,23.67300587,21.31584779,18.95868972,20.445,18.141,16.299,14.024,11.126,8.441,7.017,4.376571429,2.06025,-0.256071429,-2.572392857,-4.888714286,-7.205035714,-9.521357143,Amharic
9,France,56561,58256,59824,61256,63060,64941,66554,67849,68861,69604,70051,70154,69936,69485,14.2,13.4,12.8,13.3,12.8,12.9,12,10.84175141,11.13516142,10.76959309,10.40402475,10.03845642,9.672888082,9.307319747,9.8,9.3,9.1,8.9,8.5,8.5,8.9,8.3,8.125,7.95,7.775,7.6,7.425,7.25,French
10,Germany,77685,79381,81654,82184,82440,81645,80855,82983,80025,78022,76590,74984,73277,71542,10.5,11.4,9.4,9.3,8.3,8.3,9,6.811977401,6.870274415,6.368891579,5.867508744,5.366125908,4.864743072,4.363360237,12,11.6,10.8,10.2,10.1,10.5,11.3,10.21428571,10.03571429,9.857142857,9.678571429,9.5,9.321428571,9.142857143,German
11,Ghana,13573,15549,17322,18982,21107,23572,26328,29341,32611,36120,39872,43862,48058,52416,41.951,40.038,37.77,35.671,33.64,32.385,30.714,29.14658814,26.89104407,25.05250975,23.21397542,21.3754411,19.53690678,17.69837246,12.534,10.933,10.325,10.402,9.446,8.359,7.663,7.003142857,6.266,5.528857143,4.791714286,4.054571429,3.317428571,2.580285714,English
12,India,759613,838159,920585,1006301,1090974,1173109,1251696,1326094,1396047,1460744,1519491,1571716,1617238,1656554,34.418,31.517,28.749,26.401,24.087,21.114,18.625,17.45838305,14.13208438,11.65117583,9.170267272,6.689358717,4.208450161,1.727541606,12.117,10.864,9.579,8.692,8.074,7.492,7.194,5.856285714,5.034214286,4.212142857,3.390071429,2.568,1.745928571,0.923857143,Hindi
13,Indonesia,166070,181600,197604,214091,229245,243423,255994,279080,288429,296450,305653,314085,321524,327282,29.592,25.813,22.877,21.773,21.765,20.795,19.165,14.22406328,14.12178164,12.37095358,10.62012552,8.869297458,7.118469397,5.367641337,9.298,8.339,7.67,7.475,7.203,6.653,6.419,5.797285714,5.351714286,4.906142857,4.460571429,4.015,3.569428571,3.123857143,Indonesian
14,Iraq,15694,18140,19658,23129,27538,30527,37057,42213,47657,53387,59262,65148,70924,76520,38.588,37.755,36.953,35.821,34.092,33.349,31.109,29.98907966,29.03039697,27.76892742,26.50745787,25.24598832,23.98451877,22.72304921,9.209,7.063,6.03,5.627,5.716,5.514,4.965,3.997142857,3.420571429,2.844,2.267428571,1.690857143,1.114285714,0.537714286,Iraq
15,Italy,56719,56714,57295,57785,59038,60749,61856,62403,62592,62623,62531,62139,61957,61416,10.2,10,9.2,9.5,9.6,9.5,8,5.957853107,6.921783697,6.461128598,6.0004735,5.539818402,5.079163304,4.618508206,9.7,9.6,9.8,9.8,9.8,9.9,10.7,10.41428571,10.54285714,10.67142857,10.8,10.92857143,11.05714286,11.18571429,Italian
16,Japan,120755,123538,125328,126776,127716,127580,126920,126138,123366,120752,117747,114449,110907,107210,11.9,10,9.54,9.4,8.41,8.5,8,5.633717514,5.8172159,5.127049502,4.436883105,3.746716707,3.056550309,2.366383912,6.2,6.7,7.41,7.7,8.53,9.5,10.3,10.76571429,11.445,12.12428571,12.80357143,13.48285714,14.16214286,14.84142857,Japanese
17,Kenya,19763,23361,27164,30606,35247,40844,45926,49859,53197,56553,60244,64059,67608,70756,47.171,42.56,40.196,40.037,38.366,35.128,30.688,30.92585254,27.95803341,25.6967116,23.43538979,21.17406798,18.91274617,16.65142435,10.073,10.187,11.562,12.621,10.544,7.467,5.928,7.069857143,6.395107143,5.720357143,5.045607143,4.370857143,3.696107143,3.021357143,English?
18,Madagascar,10029,11633,13533,15713,18132,20847,23813,26956,30183,33418,36615,39759,42834,45808,44.689,44.339,43.725,41.275,37.923,35.204,33.392,33.82640282,30.74195141,28.84090165,26.93985188,25.03880212,23.13775235,21.23670259,16.115,15.153,12.74,10.199,8.498,7.375,6.472,3.975,2.23475,0.4945,-1.24575,-2.986,-4.72625,-6.4665,Madagascar
19,Malaysia,15650,17883,20340,23152,25969,28275,30514,32653,34684,36619,38448,40124,41620,42929,30.088,28.096,26.179,21.98,18.164,17.258,17.024,13.78287514,10.85318757,8.471343832,6.089500094,3.707656356,1.325812618,-1.056031121,5.258,4.854,4.632,4.528,4.52,4.649,4.877,4.521857143,4.462392857,4.402928571,4.343464286,4.284,4.224535714,4.165071429,Malay
20,Mexico,76601,84635,92584,99776,106577,114062,121737,128650,134829,140063,144287,147495,149612,150568,31.434,28.802,26.096,23.85,21.741,20.042,18.573,14.29871808,12.8530019,10.57487126,8.296740624,6.018609988,3.740479352,1.462348715,6.035,5.447,5.033,4.737,4.792,5.266,5.763,5.093428571,5.04275,4.992071429,4.941392857,4.890714286,4.840035714,4.789357143,Nahuatl?
21,Morocco,21644,24000,26148,28114,29901,31628,33323,37956,38854,40520,42302,43704,44957,46028,34.097,29.241,25.155,22.236,21.218,21.21,20.31,13.97365028,12.80303943,10.44147457,8.079909712,5.718344855,3.356779997,0.99521514,8.983,7.393,6.678,6.341,5.701,5.225,5.118,4.075857143,3.472,2.868142857,2.264285714,1.660428571,1.056571429,0.452714286,Arabic?
22,Mozambique,13294,12990,15889,17997,20069,22418,25304,28604,32307,36622,41434,46746,52586,58999,45.399,44.842,45.074,44.769,43.243,40.715,38.607,39.92526723,38.31674076,37.31562017,36.31449958,35.313379,34.31225841,33.31113782,21.08,19.863,18.288,16.462,14.755,12.89,10.025,8.959857143,7.151142857,5.342428571,3.533714286,1.725,-0.083714286,-1.892428571,Portuguese
23,Myanmar,36766,40464,43994,47439,50573,53415,56321,59126,61748,64103,66155,67928,69445,70674,31.749,27.486,25.277,24.588,22.746,19.782,18.041,15.00928192,13.29567667,11.12031922,8.944961757,6.769604298,4.594246839,2.41888938,12.131,11.008,10.332,9.864,9.447,8.858,8.295,7.606,7.009821429,6.413642857,5.817464286,5.221285714,4.625107143,4.028928571,Burmese
24,Nepal,16570,18919,21877,24819,27094,28952,31552,34209,36623,38886,40940,42777,44447,45985,40.419,38.458,35.985,31.547,26.061,22.692,20.844,20.8399435,15.11529318,11.89519323,8.675093288,5.454993341,2.234893395,-0.985206551,15.484,12.839,10.391,8.518,7.363,6.815,6.502,3.698571429,2.197785714,0.697,-0.803785714,-2.304571429,-3.805357143,-5.306142857,Nepali
25,Nigeria,84898,96685,109753,123946,141190,160342,181563,204950,241581,285894,301935,322187,364465,402224,45.671,44.265,43.449,43.156,42.537,41.341,39.359,39.84503051,38.58208668,37.72191065,36.86173462,36.0015586,35.14138257,34.28120654,18.633,18.579,18.406,17.895,16.267,14.27,12.686,12.59114286,11.56978571,10.54842857,9.527071429,8.505714286,7.484357143,6.463,English
26,Pakistan,102079,118817,134186,152430,169279,184405,199086,213720,228386,242862,256594,269152,280553,290848,42.204,41.222,38.375,34.703,31.755,30.082,29.124,28.63758588,24.69415008,22.51222271,20.33029535,18.14836798,15.96644061,13.78451324,11.754,10.828,9.827,8.862,8.149,7.568,7.107,5.993714286,5.203035714,4.412357143,3.621678571,2.831,2.040321429,1.249642857,Urdu?
27,Peru,19380,21565,23864,25797,27443,28948,30445,31915,33284,34445,35376,36096,36619,36944,33.626,30.677,26.667,23.328,22.204,20.621,18.544,14.66753559,12.40058923,9.869205287,7.337821348,4.806437409,2.275053471,-0.256330468,8.337,7.05,6.038,5.485,5.319,5.299,5.348,4.241142857,3.770142857,3.299142857,2.828142857,2.357142857,1.886142857,1.415142857,Spanish
28,Philippines,54589,61481,68472,76452,84965,93137,100999,109181,117446,125685,133729,141428,148672,155381,34.936,33.02,31.016,29.606,27.372,25.024,22.273,21.23907571,18.96307357,16.94136559,14.91965761,12.89794964,10.87624166,8.854533683,7.081,6.298,5.556,5.432,5.469,5.623,5.798,5.138714286,4.949928571,4.761142857,4.572357143,4.383571429,4.194785714,4.006,Filipino
29,Poland,37226,38120,38601,38655,38557,38617,38563,38283,37754,36985,36052,35028,33926,32739,18.3,14.4,11.2,9.9,9.5,10.9,9.7,8.097627119,6.345242131,5.199806295,4.05437046,2.908934625,1.763498789,0.618062954,10.3,10.2,10,9.6,9.6,9.9,10.4,9.9,9.875,9.85,9.825,9.8,9.775,9.75,Polish
30,Saudi Arabia,13331,16061,18756,21312,23643,25732,27753,29819,31878,33826,35615,37250,38782,40251,40.981,35.799,30.529,26.375,24.236,22.123,19.41,16.51954011,11.96805577,8.628386494,5.288717218,1.949047942,-1.390621334,-4.730290611,6.333,4.913,4.118,3.691,3.561,3.464,3.412,2.467714286,2.031357143,1.595,1.158642857,0.722285714,0.285928571,-0.150428571,Arabic
31,South Africa,34255,38504,42148,44914,48105,51123,53676,56464,59109,61496,63603,65494,67163,68529,34.87,30.312,25.276,22.854,23.073,23.305,21.719,18.15761073,16.07194822,14.09997531,12.12800239,10.15602948,8.184056564,6.212083649,9.308,8.082,8.98,12.107,13.994,12.085,9.769,12.67542857,13.18982143,13.70421429,14.21860714,14.733,15.24739286,15.76178571,English
32,Spain,38535,39351,39765,40590,43705,46506,48147,50016,51416,52446,53139,53451,53271,52491,11.9,10.3,9.1,9.8,10.6,10.4,9,5.954632768,7.305887813,6.789011972,6.272136131,5.755260291,5.23838445,4.721508609,8.1,8.6,8.7,8.9,8.8,8.2,9.1,8.957142857,9.039285714,9.121428571,9.203571429,9.285714286,9.367857143,9.45,Spanish
33,Sudan,17507,21130,24517,27068,29884,32997,36109,41131,42942,46338,49857,53188,56279,59130,43.077,41.809,40.993,39.54,37.713,35.475,33.318,33.23498701,31.19517207,29.65076623,28.10636038,26.56195454,25.0175487,23.47314285,12.606,12.045,11.308,10.263,9.17,8.122,7.428,6.489142857,5.577785714,4.666428571,3.755071429,2.843714286,1.932357143,1.021,Arabic
34,Tanzania,21485,24805,29065,33194,38487,44289,51046,58553,68905,76071,85946,96400,107301,118587,45.306,43.986,42.289,41.648,41.716,40.249,37.866,37.56321243,36.46085621,35.37929058,34.29772495,33.21615932,32.13459369,31.05302806,15.027,14.914,15.05,13.808,11.496,9.212,7.161,6.873142857,5.496142857,4.119142857,2.742142857,1.365142857,-0.011857143,-1.388857143,English
35,Thailand,51759,56097,59818,62902,65113,66721,67977,68978,69589,69751,69447,68696,67546,66064,22.133,19.222,16.913,14.524,12.87,11.757,10.836,4.18309096,4.16004548,1.961219727,-0.237606026,-2.43643178,-4.635257533,-6.834083286,6.129,5.707,6.344,6.877,7.123,7.191,7.389,7.755285714,8.024107143,8.292928571,8.56175,8.830571429,9.099392857,9.368214286,Thai
36,Turkey,50989,56545,61296,65970,70465,74687,79415,82018,84545,86671,88279,89283,89626,89291,30.295,25.865,23.553,21.672,19.521,17.918,16.718,12.09195254,10.65715484,8.368912793,6.080670743,3.792428692,1.504186642,-0.784055408,9.512,8.247,7.301,6.466,6.013,5.697,5.404,4.275428571,3.607142857,2.938857143,2.270571429,1.602285714,0.934,0.265714286,Turkish
37,Uganda,13811,16549,19641,22917,26917,31508,37102,43518,50693,58489,66782,75460,84402,93477,49.562,49.855,49.603,48.584,47.101,44.693,40.68,43.65792486,41.17681957,39.94567045,38.71452133,37.48337222,36.2522231,35.02107398,16.588,18.012,18.753,16.511,12.753,9.659,7.345,7.026571429,5.225321429,3.424071429,1.622821429,-0.178428571,-1.979678571,-3.780928571,English
38,Ukraine,50945,51623,51248,49014,47003,45769,44430,43923,42888,41699,40538,39428,38325,37149,14.587,12.6,9.6,7.8,9,10.8,10.7,7.76149774,7.544713156,6.91996892,6.295224684,5.670480448,5.045736212,4.420991976,11.77,12.1,15.4,15.4,16.6,15.2,14.9,16.88,17.47964286,18.07928571,18.67892857,19.27857143,19.87821429,20.47785714,Ukrainian
39,United Kingdom,56585,57411,58187,59140,60488,62349,64089,65762,67244,68451,69394,70149,70743,71154,13.3,13.9,12.6,11.5,12,12.9,11.9,10.56254237,10.8455569,10.51505448,10.18455206,9.854049637,9.523547215,9.193044794,11.9,11.2,11.1,10.3,9.6,8.9,9.2,8.285714286,7.778571429,7.271428571,6.764285714,6.257142857,5.75,5.242857143,English
40,United States,237924,249623,266279,282163,295517,309348,321369,334504,347335,359403,370339,380220,389395,398329,15.8,16.7,14.6,14.4,14,13,12.4,11.45028249,10.9822841,10.3019505,9.621616895,8.941283293,8.260949691,7.580616088,8.7,8.6,8.8,8.5,8.3,7.995,8.44,8.120714286,8.031785714,7.942857143,7.853928571,7.765,7.676071429,7.587142857,English
41,Uzbekistan,18216,20531,23068,25042,26540,27866,29200,30566,31824,32855,33653,34279,34768,35117,37.4,33.7,29.8,21.4,20.4,22,23.5,18.6105339,14.76598123,12.30257335,9.839165456,7.375757567,4.912349677,2.448941788,7.2,6.1,6.4,5.5,5.4,4.8,4.9,4.257142857,3.882142857,3.507142857,3.132142857,2.757142857,2.382142857,2.007142857,Uzbek
42,Vietnam,60094,67259,73784,79178,84425,89572,94349,98722,102459,105478,107843,109602,110718,111174,30.603,28.561,22.842,17.429,16.805,17.282,17.259,12.14128249,9.487819814,7.07060526,4.653390705,2.23617615,-0.181038405,-2.598252959,6.871,6.36,5.889,5.651,5.651,5.81,6.126,5.540714286,5.413107143,5.2855,5.157892857,5.030285714,4.902678571,4.775071429,Vietnamese
